id,gold,burn_1,burn_2p,burn_2s,burn_3,burn_not
img1009.jpg,1,1,0,0,0,0
img1010.jpg,1,1,0,0,0,0
img1017.jpg,1,1,0,0,0,0
img1030.jpg,1,1,0,0,0,0
img1036.jpg,1,1,0,0,0,0
img1038.jpg,0,1,0,0,0,0
img1051.jpg,1,1,0,0,0,0
img1056.jpg,0,1,0,0,0,0
img1059.jpg,1,1,0,0,0,0
img1060.jpg,0,1,0,0,0,0
img1063.jpg,1,1,0,0,0,0
img1067.jpg,1,1,0,0,0,0
img1068.jpg,0,1,0,0,0,0
img107.jpg,1,1,0,0,0,0
img1071.jpg,1,1,0,0,0,0
img1072.jpg,0,1,0,0,0,0
img1082.jpg,1,1,0,0,0,0
img1085.jpg,0,1,0,0,0,0
img110.jpg,0,1,0,0,0,0
img1116.jpg,1,1,0,0,0,0
img1135.jpg,0,1,0,0,0,0
img1136.jpg,1,1,0,0,0,0
img1144.jpg,1,1,0,0,0,0
img1146.jpg,1,1,0,0,0,0
img1151.jpg,0,1,0,0,0,0
img1152.jpg,1,1,0,0,0,0
img1159.jpg,1,1,0,0,0,0
img1178.jpg,0,1,0,0,0,0
img1188.jpg,0,1,0,0,0,0
img1193.jpg,0,1,0,0,0,0
img1196.jpg,1,1,0,0,0,0
img1204.jpg,1,1,0,0,0,0
img1211.jpg,0,1,0,0,0,0
img1218.jpg,0,1,0,0,0,0
img1220.jpg,1,1,0,0,0,0
img1239.jpg,1,1,0,0,0,0
img1255.jpg,1,1,0,0,0,0
img126.jpg,0,1,0,0,0,0
img1265.jpg,0,1,0,0,0,0
img1268.jpg,1,1,0,0,0,0
img127.jpg,1,1,0,0,0,0
img128.jpg,1,1,0,0,0,0
img1280.jpg,0,1,0,0,0,0
img1285.jpg,1,1,0,0,0,0
img1292.jpg,0,1,0,0,0,0
img1294.jpg,1,1,0,0,0,0
img131.jpg,1,1,0,0,0,0
img1321.jpg,1,1,0,0,0,0
img1322.jpg,1,1,0,0,0,0
img1331.jpg,1,1,0,0,0,0
img134.jpg,0,1,0,0,0,0
img135.jpg,1,1,0,0,0,0
img1380.jpg,1,1,0,0,0,0
img1402.jpg,1,1,0,0,0,0
img1410.jpg,1,1,0,0,0,0
img1427.jpg,0,1,0,0,0,0
img1433.jpg,0,1,0,0,0,0
img1437.jpg,1,1,0,0,0,0
img1446.jpg,1,1,0,0,0,0
img1459.jpg,1,1,0,0,0,0
img147.jpg,1,1,0,0,0,0
img1476.jpg,1,1,0,0,0,0
img1481.jpg,1,1,0,0,0,0
img1485.jpg,1,1,0,0,0,0
img1486.jpg,1,1,0,0,0,0
img1489.jpg,1,1,0,0,0,0
img1502.jpg,0,1,0,0,0,0
img1510.jpg,1,1,0,0,0,0
img1527.jpg,1,1,0,0,0,0
img1530.jpg,1,1,0,0,0,0
img1533.jpg,0,1,0,0,0,0
img1542.jpg,1,1,0,0,0,0
img155.jpg,1,1,0,0,0,0
img157.jpg,1,1,0,0,0,0
img1574.jpg,1,1,0,0,0,0
img1576.jpg,1,1,0,0,0,0
img158.jpg,1,1,0,0,0,0
img1582.jpg,0,1,0,0,0,0
img1583.jpg,0,1,0,0,0,0
img1589.jpg,1,1,0,0,0,0
img159.jpg,0,1,0,0,0,0
img1593.jpg,1,1,0,0,0,0
img1596.jpg,0,1,0,0,0,0
img1608.jpg,0,1,0,0,0,0
img1624.jpg,0,1,0,0,0,0
img1626.jpg,1,1,0,0,0,0
img1632.jpg,1,1,0,0,0,0
img164.jpg,1,1,0,0,0,0
img1648.jpg,1,1,0,0,0,0
img1649.jpg,1,1,0,0,0,0
img1651.jpg,1,1,0,0,0,0
img1670.jpg,1,1,0,0,0,0
img1671.jpg,1,1,0,0,0,0
img1684.jpg,0,1,0,0,0,0
img1687.jpg,0,1,0,0,0,0
img1696.jpg,0,1,0,0,0,0
img1700.jpg,0,1,0,0,0,0
img172.jpg,1,1,0,0,0,0
img1720.jpg,1,1,0,0,0,0
img1721.jpg,1,1,0,0,0,0
img1724.jpg,0,1,0,0,0,0
img1730.jpg,1,1,0,0,0,0
img1735.jpg,0,1,0,0,0,0
img1736.jpg,0,1,0,0,0,0
img1738.jpg,0,1,0,0,0,0
img1742.jpg,1,1,0,0,0,0
img1760.jpg,0,1,0,0,0,0
img1793.jpg,0,1,0,0,0,0
img1795.jpg,0,1,0,0,0,0
img18.jpg,1,1,0,0,0,0
img1816.jpg,0,1,0,0,0,0
img1817.jpg,0,1,0,0,0,0
img182.jpg,1,1,0,0,0,0
img1822.jpg,1,1,0,0,0,0
img183.jpg,1,1,0,0,0,0
img1832.jpg,0,1,0,0,0,0
img1836.jpg,0,1,0,0,0,0
img1842.jpg,0,1,0,0,0,0
img1846.jpg,0,1,0,0,0,0
img1848.jpg,0,1,0,0,0,0
img185.jpg,1,1,0,0,0,0
img1855.jpg,1,1,0,0,0,0
img1862.jpg,0,1,0,0,0,0
img1864.jpg,0,1,0,0,0,0
img1865.jpg,0,1,0,0,0,0
img1876.jpg,0,1,0,0,0,0
img1879.jpg,0,1,0,0,0,0
img1880.jpg,0,1,0,0,0,0
img1881.jpg,0,1,0,0,0,0
img1885.jpg,1,1,0,0,0,0
img1898.jpg,0,1,0,0,0,0
img1901.jpg,0,1,0,0,0,0
img1912.jpg,0,1,0,0,0,0
img1913.jpg,0,1,0,0,0,0
img1925.jpg,1,1,0,0,0,0
img1926.jpg,1,1,0,0,0,0
img1932.jpg,1,1,0,0,0,0
img1935.jpg,0,1,0,0,0,0
img1936.jpg,1,1,0,0,0,0
img194.jpg,1,1,0,0,0,0
img1942.jpg,0,1,0,0,0,0
img1945.jpg,0,1,0,0,0,0
img1946.jpg,1,1,0,0,0,0
img1951.jpg,1,1,0,0,0,0
img1959.jpg,0,1,0,0,0,0
img196.jpg,1,1,0,0,0,0
img1960.jpg,0,1,0,0,0,0
img1962.jpg,1,1,0,0,0,0
img1970.jpg,1,1,0,0,0,0
img1972.jpg,1,1,0,0,0,0
img1976.jpg,1,1,0,0,0,0
img198.jpg,0,1,0,0,0,0
img1983.jpg,0,1,0,0,0,0
img1984.jpg,0,1,0,0,0,0
img1987.jpg,0,1,0,0,0,0
img1989.jpg,0,1,0,0,0,0
img1990.jpg,0,1,0,0,0,0
img1995.jpg,0,1,0,0,0,0
img20.jpg,1,1,0,0,0,0
img200.jpg,0,1,0,0,0,0
img2006.jpg,1,1,0,0,0,0
img201.jpg,1,1,0,0,0,0
img2015.jpg,0,1,0,0,0,0
img2019.jpg,0,1,0,0,0,0
img2026.jpg,0,1,0,0,0,0
img2027.jpg,0,1,0,0,0,0
img2033.jpg,0,1,0,0,0,0
img2035.jpg,1,1,0,0,0,0
img2036.jpg,0,1,0,0,0,0
img2037.jpg,1,1,0,0,0,0
img2043.jpg,0,1,0,0,0,0
img2044.jpg,1,1,0,0,0,0
img2051.jpg,0,1,0,0,0,0
img2056.jpg,0,1,0,0,0,0
img2060.jpg,0,1,0,0,0,0
img2063.jpg,1,1,0,0,0,0
img2073.jpg,1,1,0,0,0,0
img2075.jpg,0,1,0,0,0,0
img2076.jpg,0,1,0,0,0,0
img2080.jpg,0,1,0,0,0,0
img2082.jpg,0,1,0,0,0,0
img2090.jpg,0,1,0,0,0,0
img2091.jpg,0,1,0,0,0,0
img2093.jpg,0,1,0,0,0,0
img2097.jpg,0,1,0,0,0,0
img2101.jpg,0,1,0,0,0,0
img2103.jpg,1,1,0,0,0,0
img2105.jpg,0,1,0,0,0,0
img2106.jpg,0,1,0,0,0,0
img211.jpg,1,1,0,0,0,0
img2111.jpg,1,1,0,0,0,0
img2120.jpg,0,1,0,0,0,0
img2124.jpg,1,1,0,0,0,0
img2125.jpg,0,1,0,0,0,0
img2126.jpg,0,1,0,0,0,0
img2133.jpg,1,1,0,0,0,0
img2134.jpg,0,1,0,0,0,0
img2149.jpg,0,1,0,0,0,0
img2156.jpg,0,1,0,0,0,0
img2160.jpg,0,1,0,0,0,0
img2168.jpg,0,1,0,0,0,0
img2184.jpg,0,1,0,0,0,0
img2192.jpg,1,1,0,0,0,0
img2193.jpg,0,1,0,0,0,0
img2196.jpg,0,1,0,0,0,0
img2202.jpg,0,1,0,0,0,0
img2206.jpg,0,1,0,0,0,0
img2211.jpg,1,1,0,0,0,0
img2214.jpg,0,1,0,0,0,0
img2216.jpg,1,1,0,0,0,0
img2217.jpg,0,1,0,0,0,0
img2221.jpg,0,1,0,0,0,0
img2224.jpg,0,1,0,0,0,0
img2232.jpg,0,1,0,0,0,0
img2237.jpg,0,1,0,0,0,0
img2240.jpg,1,1,0,0,0,0
img2245.jpg,0,1,0,0,0,0
img2247.jpg,1,1,0,0,0,0
img2258.jpg,0,1,0,0,0,0
img2262.jpg,1,1,0,0,0,0
img2265.jpg,0,1,0,0,0,0
img2267.jpg,0,1,0,0,0,0
img2269.jpg,0,1,0,0,0,0
img2280.jpg,0,1,0,0,0,0
img2289.jpg,0,1,0,0,0,0
img2305.jpg,0,1,0,0,0,0
img2308.jpg,0,1,0,0,0,0
img231.jpg,1,1,0,0,0,0
img2320.jpg,0,1,0,0,0,0
img2322.jpg,1,1,0,0,0,0
img2327.jpg,0,1,0,0,0,0
img2329.jpg,0,1,0,0,0,0
img233.jpg,1,1,0,0,0,0
img2334.jpg,0,1,0,0,0,0
img2336.jpg,0,1,0,0,0,0
img2339.jpg,0,1,0,0,0,0
img234.jpg,1,1,0,0,0,0
img2341.jpg,0,1,0,0,0,0
img2342.jpg,1,1,0,0,0,0
img235.jpg,1,1,0,0,0,0
img2351.jpg,0,1,0,0,0,0
img2354.jpg,1,1,0,0,0,0
img2366.jpg,0,1,0,0,0,0
img237.jpg,1,1,0,0,0,0
img2370.jpg,0,1,0,0,0,0
img2377.jpg,0,1,0,0,0,0
img2378.jpg,0,1,0,0,0,0
img2395.jpg,0,1,0,0,0,0
img2413.jpg,0,1,0,0,0,0
img2418.jpg,0,1,0,0,0,0
img2420.jpg,0,1,0,0,0,0
img2426.jpg,0,1,0,0,0,0
img2438.jpg,0,1,0,0,0,0
img2441.jpg,0,1,0,0,0,0
img245.jpg,1,1,0,0,0,0
img2450.jpg,0,1,0,0,0,0
img2477.jpg,0,1,0,0,0,0
img248.jpg,1,1,0,0,0,0
img25.jpg,1,1,0,0,0,0
img2504.jpg,0,1,0,0,0,0
img2506.jpg,1,1,0,0,0,0
img2507.jpg,0,1,0,0,0,0
img2509.jpg,1,1,0,0,0,0
img2511.jpg,0,1,0,0,0,0
img253.jpg,1,1,0,0,0,0
img2534.jpg,0,1,0,0,0,0
img2537.jpg,0,1,0,0,0,0
img2539.jpg,1,1,0,0,0,0
img2540.jpg,1,1,0,0,0,0
img2542.jpg,1,1,0,0,0,0
img2554.jpg,0,1,0,0,0,0
img2555.jpg,1,1,0,0,0,0
img2556.jpg,1,1,0,0,0,0
img2561.jpg,1,1,0,0,0,0
img2562.jpg,1,1,0,0,0,0
img2563.jpg,1,1,0,0,0,0
img2567.jpg,1,1,0,0,0,0
img2569.jpg,1,1,0,0,0,0
img2582.jpg,1,1,0,0,0,0
img2583.jpg,1,1,0,0,0,0
img2584.jpg,1,1,0,0,0,0
img2585.jpg,1,1,0,0,0,0
img2590.jpg,0,1,0,0,0,0
img2591.jpg,0,1,0,0,0,0
img2592.jpg,0,1,0,0,0,0
img26.jpg,1,1,0,0,0,0
img2602.jpg,1,1,0,0,0,0
img262.jpg,1,1,0,0,0,0
img269.jpg,1,1,0,0,0,0
img271.jpg,1,1,0,0,0,0
img273.jpg,1,1,0,0,0,0
img277.jpg,0,1,0,0,0,0
img279.jpg,1,1,0,0,0,0
img28.jpg,1,1,0,0,0,0
img281.jpg,1,1,0,0,0,0
img289.jpg,1,1,0,0,0,0
img290.jpg,1,1,0,0,0,0
img3000.jpg,1,1,0,0,0,0
img3001.jpg,0,1,0,0,0,0
img3002.jpg,0,1,0,0,0,0
img3003.jpg,1,1,0,0,0,0
img3004.jpg,1,1,0,0,0,0
img3005.jpg,1,1,0,0,0,0
img3006.jpg,1,1,0,0,0,0
img3007.jpg,0,1,0,0,0,0
img3008.jpg,0,1,0,0,0,0
img3009.jpg,1,1,0,0,0,0
img3010.jpg,0,1,0,0,0,0
img3011.jpg,0,1,0,0,0,0
img3012.jpg,0,1,0,0,0,0
img309.jpg,1,1,0,0,0,0
img311.jpg,1,1,0,0,0,0
img315.jpg,1,1,0,0,0,0
img322.jpg,1,1,0,0,0,0
img330.jpg,1,1,0,0,0,0
img331.jpg,1,1,0,0,0,0
img336.jpg,1,1,0,0,0,0
img339.jpg,1,1,0,0,0,0
img34.jpg,1,1,0,0,0,0
img3409.jpg,0,1,0,0,0,0
img341.jpg,1,1,0,0,0,0
img3410.jpg,0,1,0,0,0,0
img3411.jpg,0,1,0,0,0,0
img342.jpg,1,1,0,0,0,0
img3420.jpg,0,1,0,0,0,0
img343.jpg,1,1,0,0,0,0
img3446.jpg,0,1,0,0,0,0
img346.jpg,1,1,0,0,0,0
img3462.jpg,0,1,0,0,0,0
img348.jpg,1,1,0,0,0,0
img356.jpg,1,1,0,0,0,0
img361.jpg,1,1,0,0,0,0
img362.jpg,1,1,0,0,0,0
img365.jpg,1,1,0,0,0,0
img370.jpg,1,1,0,0,0,0
img372.jpg,1,1,0,0,0,0
img377.jpg,1,1,0,0,0,0
img381.jpg,1,1,0,0,0,0
img384.jpg,1,1,0,0,0,0
img389.jpg,1,1,0,0,0,0
img390.jpg,1,1,0,0,0,0
img394.jpg,1,1,0,0,0,0
img3950.jpg,0,1,0,0,0,0
img3956.jpg,1,1,0,0,0,0
img3957.jpg,1,1,0,0,0,0
img3958.jpg,1,1,0,0,0,0
img396.jpg,1,1,0,0,0,0
img398.jpg,1,1,0,0,0,0
img404.jpg,1,1,0,0,0,0
img417.jpg,1,1,0,0,0,0
img418.jpg,1,1,0,0,0,0
img419.jpg,1,1,0,0,0,0
img42.jpg,1,1,0,0,0,0
img424.jpg,1,1,0,0,0,0
img427.jpg,1,1,0,0,0,0
img428.jpg,1,1,0,0,0,0
img429.jpg,1,1,0,0,0,0
img430.jpg,1,1,0,0,0,0
img433.jpg,1,1,0,0,0,0
img44.jpg,0,1,0,0,0,0
img446.jpg,0,1,0,0,0,0
img457.jpg,1,1,0,0,0,0
img46.jpg,0,1,0,0,0,0
img464.jpg,1,1,0,0,0,0
img465.jpg,0,1,0,0,0,0
img468.jpg,1,1,0,0,0,0
img100.jpg,1,0,1,0,0,0
img1011.jpg,0,0,1,0,0,0
img1020.jpg,0,0,1,0,0,0
img1024.jpg,1,0,1,0,0,0
img1029.jpg,1,0,1,0,0,0
img1049.jpg,1,0,1,0,0,0
img1100.jpg,1,0,1,0,0,0
img114.jpg,1,0,1,0,0,0
img1142.jpg,1,0,1,0,0,0
img1145.jpg,0,0,1,0,0,0
img1164.jpg,0,0,1,0,0,0
img1168.jpg,1,0,1,0,0,0
img1177.jpg,0,0,1,0,0,0
img119.jpg,1,0,1,0,0,0
img1202.jpg,0,0,1,0,0,0
img1209.jpg,1,0,1,0,0,0
img1246.jpg,1,0,1,0,0,0
img1247.jpg,1,0,1,0,0,0
img1263.jpg,1,0,1,0,0,0
img1291.jpg,1,0,1,0,0,0
img1304.jpg,0,0,1,0,0,0
img1337.jpg,1,0,1,0,0,0
img1352.jpg,1,0,1,0,0,0
img1353.jpg,1,0,1,0,0,0
img1378.jpg,1,0,1,0,0,0
img1412.jpg,1,0,1,0,0,0
img1419.jpg,0,0,1,0,0,0
img143.jpg,0,0,1,0,0,0
img144.jpg,1,0,1,0,0,0
img1448.jpg,1,0,1,0,0,0
img1454.jpg,0,0,1,0,0,0
img146.jpg,1,0,1,0,0,0
img1462.jpg,1,0,1,0,0,0
img1466.jpg,0,0,1,0,0,0
img1468.jpg,0,0,1,0,0,0
img1471.jpg,0,0,1,0,0,0
img1475.jpg,0,0,1,0,0,0
img1487.jpg,1,0,1,0,0,0
img1488.jpg,0,0,1,0,0,0
img149.jpg,1,0,1,0,0,0
img1493.jpg,0,0,1,0,0,0
img1495.jpg,1,0,1,0,0,0
img1496.jpg,1,0,1,0,0,0
img1507.jpg,1,0,1,0,0,0
img1522.jpg,1,0,1,0,0,0
img1557.jpg,1,0,1,0,0,0
img156.jpg,1,0,1,0,0,0
img1560.jpg,1,0,1,0,0,0
img1591.jpg,0,0,1,0,0,0
img1595.jpg,0,0,1,0,0,0
img1599.jpg,1,0,1,0,0,0
img1603.jpg,1,0,1,0,0,0
img1607.jpg,1,0,1,0,0,0
img161.jpg,1,0,1,0,0,0
img1611.jpg,1,0,1,0,0,0
img1613.jpg,0,0,1,0,0,0
img1614.jpg,0,0,1,0,0,0
img1615.jpg,1,0,1,0,0,0
img1617.jpg,0,0,1,0,0,0
img1620.jpg,1,0,1,0,0,0
img1654.jpg,1,0,1,0,0,0
img1660.jpg,0,0,1,0,0,0
img1668.jpg,0,0,1,0,0,0
img1683.jpg,1,0,1,0,0,0
img17.jpg,1,0,1,0,0,0
img1706.jpg,1,0,1,0,0,0
img1714.jpg,1,0,1,0,0,0
img1715.jpg,1,0,1,0,0,0
img1731.jpg,1,0,1,0,0,0
img177.jpg,1,0,1,0,0,0
img1781.jpg,0,0,1,0,0,0
img1782.jpg,0,0,1,0,0,0
img1798.jpg,0,0,1,0,0,0
img1821.jpg,0,0,1,0,0,0
img1827.jpg,0,0,1,0,0,0
img1866.jpg,0,0,1,0,0,0
img1905.jpg,1,0,1,0,0,0
img1911.jpg,0,0,1,0,0,0
img193.jpg,1,0,1,0,0,0
img1938.jpg,0,0,1,0,0,0
img1943.jpg,0,0,1,0,0,0
img1953.jpg,0,0,1,0,0,0
img1968.jpg,0,0,1,0,0,0
img1978.jpg,1,0,1,0,0,0
img1981.jpg,1,0,1,0,0,0
img1986.jpg,0,0,1,0,0,0
img2004.jpg,0,0,1,0,0,0
img2008.jpg,1,0,1,0,0,0
img2021.jpg,1,0,1,0,0,0
img2038.jpg,0,0,1,0,0,0
img2039.jpg,0,0,1,0,0,0
img2042.jpg,0,0,1,0,0,0
img2052.jpg,0,0,1,0,0,0
img2079.jpg,1,0,1,0,0,0
img2086.jpg,0,0,1,0,0,0
img2087.jpg,0,0,1,0,0,0
img2108.jpg,0,0,1,0,0,0
img2116.jpg,0,0,1,0,0,0
img2146.jpg,0,0,1,0,0,0
img2158.jpg,0,0,1,0,0,0
img216.jpg,1,0,1,0,0,0
img2171.jpg,0,0,1,0,0,0
img2186.jpg,1,0,1,0,0,0
img2197.jpg,1,0,1,0,0,0
img2225.jpg,0,0,1,0,0,0
img2226.jpg,0,0,1,0,0,0
img223.jpg,1,0,1,0,0,0
img2244.jpg,0,0,1,0,0,0
img2254.jpg,0,0,1,0,0,0
img2257.jpg,1,0,1,0,0,0
img2266.jpg,1,0,1,0,0,0
img2284.jpg,1,0,1,0,0,0
img2298.jpg,0,0,1,0,0,0
img2309.jpg,0,0,1,0,0,0
img2313.jpg,0,0,1,0,0,0
img2319.jpg,0,0,1,0,0,0
img2343.jpg,1,0,1,0,0,0
img2352.jpg,0,0,1,0,0,0
img2372.jpg,0,0,1,0,0,0
img2415.jpg,1,0,1,0,0,0
img242.jpg,1,0,1,0,0,0
img2443.jpg,1,0,1,0,0,0
img2448.jpg,0,0,1,0,0,0
img2449.jpg,1,0,1,0,0,0
img2485.jpg,0,0,1,0,0,0
img2486.jpg,1,0,1,0,0,0
img2493.jpg,1,0,1,0,0,0
img2512.jpg,1,0,1,0,0,0
img2515.jpg,0,0,1,0,0,0
img2521.jpg,0,0,1,0,0,0
img2522.jpg,0,0,1,0,0,0
img2528.jpg,0,0,1,0,0,0
img2531.jpg,1,0,1,0,0,0
img2544.jpg,1,0,1,0,0,0
img2545.jpg,1,0,1,0,0,0
img2547.jpg,1,0,1,0,0,0
img2548.jpg,1,0,1,0,0,0
img2549.jpg,1,0,1,0,0,0
img2551.jpg,0,0,1,0,0,0
img256.jpg,1,0,1,0,0,0
img2566.jpg,1,0,1,0,0,0
img257.jpg,1,0,1,0,0,0
img2574.jpg,1,0,1,0,0,0
img2579.jpg,0,0,1,0,0,0
img2581.jpg,0,0,1,0,0,0
img2626.jpg,0,0,1,0,0,0
img2658.jpg,1,0,1,0,0,0
img27.jpg,1,0,1,0,0,0
img295.jpg,1,0,1,0,0,0
img305.jpg,1,0,1,0,0,0
img306.jpg,1,0,1,0,0,0
img3178.jpg,1,0,1,0,0,0
img3179.jpg,1,0,1,0,0,0
img3182.jpg,0,0,1,0,0,0
img3183.jpg,1,0,1,0,0,0
img3184.jpg,1,0,1,0,0,0
img3185.jpg,1,0,1,0,0,0
img3186.jpg,0,0,1,0,0,0
img3187.jpg,0,0,1,0,0,0
img3188.jpg,1,0,1,0,0,0
img3189.jpg,0,0,1,0,0,0
img3190.jpg,1,0,1,0,0,0
img3191.jpg,0,0,1,0,0,0
img3192.jpg,1,0,1,0,0,0
img3193.jpg,1,0,1,0,0,0
img3194.jpg,1,0,1,0,0,0
img3195.jpg,1,0,1,0,0,0
img3196.jpg,0,0,1,0,0,0
img3197.jpg,1,0,1,0,0,0
img3198.jpg,1,0,1,0,0,0
img3199.jpg,0,0,1,0,0,0
img3200.jpg,0,0,1,0,0,0
img3204.jpg,1,0,1,0,0,0
img3205.jpg,1,0,1,0,0,0
img3207.jpg,1,0,1,0,0,0
img3208.jpg,0,0,1,0,0,0
img3209.jpg,1,0,1,0,0,0
img3210.jpg,0,0,1,0,0,0
img3211.jpg,0,0,1,0,0,0
img3212.jpg,1,0,1,0,0,0
img3213.jpg,1,0,1,0,0,0
img3214.jpg,0,0,1,0,0,0
img3215.jpg,0,0,1,0,0,0
img3216.jpg,1,0,1,0,0,0
img3217.jpg,0,0,1,0,0,0
img3218.jpg,1,0,1,0,0,0
img3219.jpg,0,0,1,0,0,0
img3220.jpg,1,0,1,0,0,0
img3221.jpg,1,0,1,0,0,0
img3222.jpg,1,0,1,0,0,0
img3223.jpg,1,0,1,0,0,0
img3224.jpg,1,0,1,0,0,0
img3226.jpg,0,0,1,0,0,0
img3227.jpg,1,0,1,0,0,0
img3228.jpg,1,0,1,0,0,0
img3229.jpg,0,0,1,0,0,0
img3230.jpg,1,0,1,0,0,0
img3231.jpg,1,0,1,0,0,0
img3232.jpg,1,0,1,0,0,0
img3233.jpg,0,0,1,0,0,0
img3234.jpg,0,0,1,0,0,0
img3235.jpg,1,0,1,0,0,0
img3236.jpg,0,0,1,0,0,0
img3237.jpg,0,0,1,0,0,0
img3238.jpg,0,0,1,0,0,0
img3239.jpg,1,0,1,0,0,0
img3240.jpg,1,0,1,0,0,0
img3241.jpg,1,0,1,0,0,0
img3242.jpg,1,0,1,0,0,0
img3243.jpg,1,0,1,0,0,0
img3244.jpg,0,0,1,0,0,0
img3245.jpg,1,0,1,0,0,0
img3246.jpg,0,0,1,0,0,0
img3247.jpg,1,0,1,0,0,0
img3248.jpg,1,0,1,0,0,0
img3249.jpg,1,0,1,0,0,0
img3250.jpg,1,0,1,0,0,0
img3251.jpg,1,0,1,0,0,0
img3252.jpg,1,0,1,0,0,0
img3253.jpg,1,0,1,0,0,0
img3254.jpg,1,0,1,0,0,0
img3255.jpg,1,0,1,0,0,0
img3256.jpg,1,0,1,0,0,0
img3257.jpg,0,0,1,0,0,0
img3258.jpg,1,0,1,0,0,0
img3259.jpg,1,0,1,0,0,0
img3260.jpg,1,0,1,0,0,0
img3261.jpg,0,0,1,0,0,0
img3262.jpg,1,0,1,0,0,0
img3263.jpg,1,0,1,0,0,0
img3264.jpg,0,0,1,0,0,0
img3265.jpg,1,0,1,0,0,0
img3266.jpg,1,0,1,0,0,0
img3267.jpg,1,0,1,0,0,0
img3268.jpg,1,0,1,0,0,0
img3269.jpg,1,0,1,0,0,0
img3270.jpg,1,0,1,0,0,0
img3271.jpg,0,0,1,0,0,0
img3272.jpg,1,0,1,0,0,0
img3273.jpg,1,0,1,0,0,0
img3274.jpg,1,0,1,0,0,0
img3275.jpg,1,0,1,0,0,0
img3276.jpg,0,0,1,0,0,0
img3277.jpg,0,0,1,0,0,0
img3278.jpg,1,0,1,0,0,0
img3279.jpg,1,0,1,0,0,0
img3280.jpg,0,0,1,0,0,0
img3281.jpg,1,0,1,0,0,0
img3282.jpg,1,0,1,0,0,0
img3283.jpg,1,0,1,0,0,0
img3284.jpg,1,0,1,0,0,0
img3285.jpg,1,0,1,0,0,0
img3286.jpg,1,0,1,0,0,0
img3288.jpg,1,0,1,0,0,0
img3289.jpg,0,0,1,0,0,0
img3290.jpg,0,0,1,0,0,0
img3292.jpg,0,0,1,0,0,0
img3293.jpg,0,0,1,0,0,0
img3294.jpg,1,0,1,0,0,0
img3295.jpg,1,0,1,0,0,0
img3296.jpg,1,0,1,0,0,0
img3297.jpg,1,0,1,0,0,0
img3298.jpg,1,0,1,0,0,0
img3299.jpg,1,0,1,0,0,0
img3300.jpg,0,0,1,0,0,0
img3301.jpg,0,0,1,0,0,0
img3302.jpg,1,0,1,0,0,0
img3303.jpg,1,0,1,0,0,0
img3304.jpg,1,0,1,0,0,0
img3305.jpg,1,0,1,0,0,0
img3306.jpg,1,0,1,0,0,0
img3310.jpg,1,0,1,0,0,0
img3311.jpg,1,0,1,0,0,0
img3313.jpg,1,0,1,0,0,0
img332.jpg,1,0,1,0,0,0
img340.jpg,1,0,1,0,0,0
img1.jpg,1,0,0,1,0,0
img101.jpg,0,0,0,1,0,0
img1014.jpg,1,0,0,1,0,0
img1016.jpg,1,0,0,1,0,0
img102.jpg,1,0,0,1,0,0
img1027.jpg,0,0,0,1,0,0
img1028.jpg,1,0,0,1,0,0
img1031.jpg,1,0,0,1,0,0
img1033.jpg,0,0,0,1,0,0
img1034.jpg,1,0,0,1,0,0
img1040.jpg,1,0,0,1,0,0
img1041.jpg,1,0,0,1,0,0
img1043.jpg,1,0,0,1,0,0
img1048.jpg,1,0,0,1,0,0
img1052.jpg,1,0,0,1,0,0
img1053.jpg,1,0,0,1,0,0
img1062.jpg,1,0,0,1,0,0
img1065.jpg,0,0,0,1,0,0
img1073.jpg,1,0,0,1,0,0
img1074.jpg,0,0,0,1,0,0
img1075.jpg,0,0,0,1,0,0
img1077.jpg,1,0,0,1,0,0
img1080.jpg,1,0,0,1,0,0
img1081.jpg,0,0,0,1,0,0
img1084.jpg,0,0,0,1,0,0
img109.jpg,1,0,0,1,0,0
img1092.jpg,1,0,0,1,0,0
img1094.jpg,1,0,0,1,0,0
img1098.jpg,0,0,0,1,0,0
img1099.jpg,1,0,0,1,0,0
img1101.jpg,0,0,0,1,0,0
img1106.jpg,1,0,0,1,0,0
img1108.jpg,1,0,0,1,0,0
img1109.jpg,1,0,0,1,0,0
img1110.jpg,0,0,0,1,0,0
img1111.jpg,1,0,0,1,0,0
img1112.jpg,1,0,0,1,0,0
img1113.jpg,0,0,0,1,0,0
img1118.jpg,1,0,0,1,0,0
img1119.jpg,1,0,0,1,0,0
img112.jpg,1,0,0,1,0,0
img1122.jpg,1,0,0,1,0,0
img1124.jpg,0,0,0,1,0,0
img1126.jpg,1,0,0,1,0,0
img1127.jpg,0,0,0,1,0,0
img1134.jpg,1,0,0,1,0,0
img1139.jpg,1,0,0,1,0,0
img1143.jpg,1,0,0,1,0,0
img1148.jpg,0,0,0,1,0,0
img1149.jpg,1,0,0,1,0,0
img1150.jpg,0,0,0,1,0,0
img1154.jpg,1,0,0,1,0,0
img1156.jpg,0,0,0,1,0,0
img116.jpg,1,0,0,1,0,0
img1161.jpg,1,0,0,1,0,0
img1165.jpg,1,0,0,1,0,0
img1166.jpg,1,0,0,1,0,0
img1169.jpg,1,0,0,1,0,0
img1171.jpg,1,0,0,1,0,0
img1182.jpg,1,0,0,1,0,0
img1187.jpg,1,0,0,1,0,0
img1194.jpg,0,0,0,1,0,0
img1198.jpg,0,0,0,1,0,0
img1199.jpg,1,0,0,1,0,0
img12.jpg,1,0,0,1,0,0
img120.jpg,1,0,0,1,0,0
img1201.jpg,0,0,0,1,0,0
img1207.jpg,0,0,0,1,0,0
img1208.jpg,1,0,0,1,0,0
img121.jpg,1,0,0,1,0,0
img1210.jpg,0,0,0,1,0,0
img1212.jpg,1,0,0,1,0,0
img1213.jpg,1,0,0,1,0,0
img1215.jpg,1,0,0,1,0,0
img1216.jpg,0,0,0,1,0,0
img1219.jpg,0,0,0,1,0,0
img1221.jpg,1,0,0,1,0,0
img1222.jpg,0,0,0,1,0,0
img1223.jpg,0,0,0,1,0,0
img1224.jpg,1,0,0,1,0,0
img1225.jpg,0,0,0,1,0,0
img1227.jpg,0,0,0,1,0,0
img1229.jpg,1,0,0,1,0,0
img1230.jpg,0,0,0,1,0,0
img1231.jpg,1,0,0,1,0,0
img1233.jpg,0,0,0,1,0,0
img1234.jpg,1,0,0,1,0,0
img1235.jpg,1,0,0,1,0,0
img1238.jpg,1,0,0,1,0,0
img124.jpg,1,0,0,1,0,0
img1240.jpg,1,0,0,1,0,0
img1242.jpg,1,0,0,1,0,0
img1244.jpg,0,0,0,1,0,0
img1245.jpg,1,0,0,1,0,0
img1249.jpg,0,0,0,1,0,0
img1250.jpg,0,0,0,1,0,0
img1254.jpg,0,0,0,1,0,0
img1256.jpg,1,0,0,1,0,0
img1257.jpg,1,0,0,1,0,0
img1258.jpg,1,0,0,1,0,0
img1259.jpg,1,0,0,1,0,0
img1261.jpg,1,0,0,1,0,0
img1262.jpg,0,0,0,1,0,0
img1264.jpg,0,0,0,1,0,0
img1266.jpg,0,0,0,1,0,0
img1267.jpg,1,0,0,1,0,0
img1270.jpg,0,0,0,1,0,0
img1277.jpg,0,0,0,1,0,0
img1281.jpg,0,0,0,1,0,0
img1283.jpg,1,0,0,1,0,0
img1284.jpg,1,0,0,1,0,0
img1288.jpg,1,0,0,1,0,0
img1295.jpg,0,0,0,1,0,0
img1299.jpg,1,0,0,1,0,0
img13.jpg,1,0,0,1,0,0
img130.jpg,1,0,0,1,0,0
img1300.jpg,1,0,0,1,0,0
img1303.jpg,1,0,0,1,0,0
img1305.jpg,1,0,0,1,0,0
img1307.jpg,0,0,0,1,0,0
img1308.jpg,0,0,0,1,0,0
img1313.jpg,1,0,0,1,0,0
img1314.jpg,1,0,0,1,0,0
img1317.jpg,1,0,0,1,0,0
img1318.jpg,0,0,0,1,0,0
img1324.jpg,1,0,0,1,0,0
img1325.jpg,1,0,0,1,0,0
img1328.jpg,1,0,0,1,0,0
img1329.jpg,0,0,0,1,0,0
img1332.jpg,0,0,0,1,0,0
img1333.jpg,1,0,0,1,0,0
img1334.jpg,1,0,0,1,0,0
img1335.jpg,1,0,0,1,0,0
img1338.jpg,1,0,0,1,0,0
img1339.jpg,1,0,0,1,0,0
img1341.jpg,1,0,0,1,0,0
img1343.jpg,1,0,0,1,0,0
img1344.jpg,1,0,0,1,0,0
img1345.jpg,1,0,0,1,0,0
img1346.jpg,1,0,0,1,0,0
img1347.jpg,1,0,0,1,0,0
img1348.jpg,1,0,0,1,0,0
img1349.jpg,1,0,0,1,0,0
img1350.jpg,0,0,0,1,0,0
img1351.jpg,1,0,0,1,0,0
img1354.jpg,0,0,0,1,0,0
img1355.jpg,1,0,0,1,0,0
img1356.jpg,0,0,0,1,0,0
img1358.jpg,1,0,0,1,0,0
img1359.jpg,1,0,0,1,0,0
img1360.jpg,1,0,0,1,0,0
img1361.jpg,0,0,0,1,0,0
img1362.jpg,0,0,0,1,0,0
img1364.jpg,1,0,0,1,0,0
img1365.jpg,1,0,0,1,0,0
img1367.jpg,1,0,0,1,0,0
img1368.jpg,1,0,0,1,0,0
img1369.jpg,1,0,0,1,0,0
img137.jpg,0,0,0,1,0,0
img1370.jpg,1,0,0,1,0,0
img1371.jpg,1,0,0,1,0,0
img1372.jpg,1,0,0,1,0,0
img1373.jpg,1,0,0,1,0,0
img1375.jpg,1,0,0,1,0,0
img1376.jpg,0,0,0,1,0,0
img1377.jpg,0,0,0,1,0,0
img1382.jpg,1,0,0,1,0,0
img1387.jpg,0,0,0,1,0,0
img1390.jpg,1,0,0,1,0,0
img1391.jpg,1,0,0,1,0,0
img1392.jpg,1,0,0,1,0,0
img1393.jpg,1,0,0,1,0,0
img1395.jpg,0,0,0,1,0,0
img1396.jpg,1,0,0,1,0,0
img1397.jpg,0,0,0,1,0,0
img1398.jpg,1,0,0,1,0,0
img1399.jpg,1,0,0,1,0,0
img140.jpg,1,0,0,1,0,0
img1400.jpg,1,0,0,1,0,0
img1401.jpg,1,0,0,1,0,0
img1404.jpg,1,0,0,1,0,0
img1405.jpg,1,0,0,1,0,0
img1415.jpg,0,0,0,1,0,0
img142.jpg,1,0,0,1,0,0
img1420.jpg,1,0,0,1,0,0
img1422.jpg,0,0,0,1,0,0
img1424.jpg,1,0,0,1,0,0
img1425.jpg,1,0,0,1,0,0
img1426.jpg,0,0,0,1,0,0
img1428.jpg,1,0,0,1,0,0
img1429.jpg,0,0,0,1,0,0
img1430.jpg,1,0,0,1,0,0
img1431.jpg,1,0,0,1,0,0
img1434.jpg,1,0,0,1,0,0
img1435.jpg,1,0,0,1,0,0
img1441.jpg,1,0,0,1,0,0
img1444.jpg,0,0,0,1,0,0
img1445.jpg,0,0,0,1,0,0
img1447.jpg,0,0,0,1,0,0
img1451.jpg,0,0,0,1,0,0
img1461.jpg,1,0,0,1,0,0
img1463.jpg,1,0,0,1,0,0
img1465.jpg,0,0,0,1,0,0
img1469.jpg,1,0,0,1,0,0
img1472.jpg,0,0,0,1,0,0
img1473.jpg,1,0,0,1,0,0
img1477.jpg,1,0,0,1,0,0
img1479.jpg,0,0,0,1,0,0
img1482.jpg,1,0,0,1,0,0
img1490.jpg,0,0,0,1,0,0
img1497.jpg,0,0,0,1,0,0
img1498.jpg,0,0,0,1,0,0
img1499.jpg,0,0,0,1,0,0
img15.jpg,1,0,0,1,0,0
img1500.jpg,1,0,0,1,0,0
img1503.jpg,1,0,0,1,0,0
img1505.jpg,0,0,0,1,0,0
img1508.jpg,0,0,0,1,0,0
img1512.jpg,0,0,0,1,0,0
img1514.jpg,1,0,0,1,0,0
img1515.jpg,1,0,0,1,0,0
img1516.jpg,1,0,0,1,0,0
img1520.jpg,0,0,0,1,0,0
img1521.jpg,1,0,0,1,0,0
img1523.jpg,1,0,0,1,0,0
img1524.jpg,0,0,0,1,0,0
img1525.jpg,1,0,0,1,0,0
img153.jpg,1,0,0,1,0,0
img1531.jpg,1,0,0,1,0,0
img1532.jpg,1,0,0,1,0,0
img1536.jpg,0,0,0,1,0,0
img1539.jpg,1,0,0,1,0,0
img1541.jpg,0,0,0,1,0,0
img1544.jpg,0,0,0,1,0,0
img1545.jpg,0,0,0,1,0,0
img1546.jpg,0,0,0,1,0,0
img1548.jpg,1,0,0,1,0,0
img1549.jpg,0,0,0,1,0,0
img1550.jpg,0,0,0,1,0,0
img1553.jpg,1,0,0,1,0,0
img1554.jpg,1,0,0,1,0,0
img1558.jpg,0,0,0,1,0,0
img1563.jpg,0,0,0,1,0,0
img1564.jpg,0,0,0,1,0,0
img1565.jpg,0,0,0,1,0,0
img1568.jpg,1,0,0,1,0,0
img1571.jpg,0,0,0,1,0,0
img1577.jpg,1,0,0,1,0,0
img1578.jpg,1,0,0,1,0,0
img1580.jpg,1,0,0,1,0,0
img1585.jpg,1,0,0,1,0,0
img1587.jpg,1,0,0,1,0,0
img1588.jpg,0,0,0,1,0,0
img1590.jpg,1,0,0,1,0,0
img1592.jpg,1,0,0,1,0,0
img1594.jpg,0,0,0,1,0,0
img1598.jpg,1,0,0,1,0,0
img160.jpg,1,0,0,1,0,0
img1602.jpg,0,0,0,1,0,0
img1605.jpg,0,0,0,1,0,0
img1606.jpg,0,0,0,1,0,0
img1616.jpg,1,0,0,1,0,0
img1619.jpg,1,0,0,1,0,0
img162.jpg,1,0,0,1,0,0
img1622.jpg,1,0,0,1,0,0
img1627.jpg,1,0,0,1,0,0
img163.jpg,1,0,0,1,0,0
img1630.jpg,0,0,0,1,0,0
img1633.jpg,1,0,0,1,0,0
img1635.jpg,0,0,0,1,0,0
img1638.jpg,0,0,0,1,0,0
img1641.jpg,1,0,0,1,0,0
img1643.jpg,1,0,0,1,0,0
img1644.jpg,0,0,0,1,0,0
img1646.jpg,1,0,0,1,0,0
img1656.jpg,1,0,0,1,0,0
img1657.jpg,0,0,0,1,0,0
img1659.jpg,1,0,0,1,0,0
img1665.jpg,1,0,0,1,0,0
img1667.jpg,1,0,0,1,0,0
img167.jpg,1,0,0,1,0,0
img1672.jpg,0,0,0,1,0,0
img1675.jpg,1,0,0,1,0,0
img1676.jpg,1,0,0,1,0,0
img1682.jpg,0,0,0,1,0,0
img1690.jpg,1,0,0,1,0,0
img1692.jpg,0,0,0,1,0,0
img1693.jpg,1,0,0,1,0,0
img1694.jpg,1,0,0,1,0,0
img1695.jpg,1,0,0,1,0,0
img1698.jpg,1,0,0,1,0,0
img1701.jpg,0,0,0,1,0,0
img1702.jpg,0,0,0,1,0,0
img1705.jpg,1,0,0,1,0,0
img1707.jpg,1,0,0,1,0,0
img1708.jpg,1,0,0,1,0,0
img1710.jpg,1,0,0,1,0,0
img1711.jpg,1,0,0,1,0,0
img1717.jpg,1,0,0,1,0,0
img1718.jpg,1,0,0,1,0,0
img1722.jpg,0,0,0,1,0,0
img1726.jpg,0,0,0,1,0,0
img1727.jpg,1,0,0,1,0,0
img1728.jpg,0,0,0,1,0,0
img1729.jpg,0,0,0,1,0,0
img1741.jpg,0,0,0,1,0,0
img1748.jpg,0,0,0,1,0,0
img1749.jpg,0,0,0,1,0,0
img175.jpg,1,0,0,1,0,0
img1752.jpg,1,0,0,1,0,0
img1753.jpg,1,0,0,1,0,0
img1755.jpg,0,0,0,1,0,0
img1758.jpg,0,0,0,1,0,0
img1761.jpg,0,0,0,1,0,0
img1762.jpg,0,0,0,1,0,0
img1764.jpg,0,0,0,1,0,0
img1765.jpg,0,0,0,1,0,0
img1768.jpg,1,0,0,1,0,0
img1769.jpg,0,0,0,1,0,0
img1773.jpg,0,0,0,1,0,0
img1779.jpg,0,0,0,1,0,0
img1784.jpg,1,0,0,1,0,0
img1786.jpg,0,0,0,1,0,0
img1791.jpg,0,0,0,1,0,0
img1794.jpg,0,0,0,1,0,0
img1796.jpg,0,0,0,1,0,0
img1800.jpg,0,0,0,1,0,0
img1801.jpg,0,0,0,1,0,0
img1805.jpg,0,0,0,1,0,0
img1806.jpg,0,0,0,1,0,0
img1808.jpg,1,0,0,1,0,0
img1811.jpg,0,0,0,1,0,0
img1812.jpg,1,0,0,1,0,0
img1814.jpg,0,0,0,1,0,0
img1815.jpg,0,0,0,1,0,0
img1819.jpg,1,0,0,1,0,0
img1825.jpg,0,0,0,1,0,0
img1826.jpg,0,0,0,1,0,0
img1828.jpg,0,0,0,1,0,0
img1830.jpg,0,0,0,1,0,0
img1831.jpg,0,0,0,1,0,0
img1835.jpg,0,0,0,1,0,0
img1838.jpg,0,0,0,1,0,0
img1841.jpg,0,0,0,1,0,0
img1845.jpg,0,0,0,1,0,0
img1853.jpg,1,0,0,1,0,0
img1857.jpg,0,0,0,1,0,0
img1860.jpg,0,0,0,1,0,0
img1861.jpg,0,0,0,1,0,0
img1867.jpg,0,0,0,1,0,0
img1868.jpg,1,0,0,1,0,0
img1870.jpg,0,0,0,1,0,0
img1874.jpg,0,0,0,1,0,0
img1875.jpg,0,0,0,1,0,0
img1882.jpg,0,0,0,1,0,0
img1884.jpg,0,0,0,1,0,0
img1886.jpg,0,0,0,1,0,0
img1887.jpg,0,0,0,1,0,0
img1889.jpg,0,0,0,1,0,0
img1890.jpg,0,0,0,1,0,0
img1893.jpg,0,0,0,1,0,0
img1894.jpg,0,0,0,1,0,0
img1895.jpg,0,0,0,1,0,0
img1896.jpg,0,0,0,1,0,0
img1900.jpg,0,0,0,1,0,0
img1903.jpg,0,0,0,1,0,0
img1904.jpg,0,0,0,1,0,0
img1906.jpg,0,0,0,1,0,0
img1908.jpg,1,0,0,1,0,0
img1909.jpg,0,0,0,1,0,0
img191.jpg,1,0,0,1,0,0
img1915.jpg,0,0,0,1,0,0
img1919.jpg,0,0,0,1,0,0
img1921.jpg,1,0,0,1,0,0
img1927.jpg,0,0,0,1,0,0
img1928.jpg,0,0,0,1,0,0
img1929.jpg,0,0,0,1,0,0
img1930.jpg,0,0,0,1,0,0
img1931.jpg,0,0,0,1,0,0
img1937.jpg,1,0,0,1,0,0
img1940.jpg,1,0,0,1,0,0
img1947.jpg,0,0,0,1,0,0
img1948.jpg,0,0,0,1,0,0
img1949.jpg,0,0,0,1,0,0
img195.jpg,1,0,0,1,0,0
img1952.jpg,0,0,0,1,0,0
img1958.jpg,1,0,0,1,0,0
img1964.jpg,0,0,0,1,0,0
img1969.jpg,1,0,0,1,0,0
img1973.jpg,0,0,0,1,0,0
img1974.jpg,1,0,0,1,0,0
img1975.jpg,0,0,0,1,0,0
img1977.jpg,1,0,0,1,0,0
img1979.jpg,0,0,0,1,0,0
img1982.jpg,0,0,0,1,0,0
img1988.jpg,0,0,0,1,0,0
img1992.jpg,0,0,0,1,0,0
img1993.jpg,0,0,0,1,0,0
img1998.jpg,0,0,0,1,0,0
img1999.jpg,0,0,0,1,0,0
img2000.jpg,0,0,0,1,0,0
img2001.jpg,1,0,0,1,0,0
img2002.jpg,1,0,0,1,0,0
img2005.jpg,1,0,0,1,0,0
img2009.jpg,0,0,0,1,0,0
img2010.jpg,1,0,0,1,0,0
img2011.jpg,0,0,0,1,0,0
img2012.jpg,0,0,0,1,0,0
img2013.jpg,1,0,0,1,0,0
img2014.jpg,1,0,0,1,0,0
img2016.jpg,0,0,0,1,0,0
img2018.jpg,0,0,0,1,0,0
img202.jpg,1,0,0,1,0,0
img2020.jpg,0,0,0,1,0,0
img2024.jpg,0,0,0,1,0,0
img2028.jpg,0,0,0,1,0,0
img2029.jpg,0,0,0,1,0,0
img203.jpg,1,0,0,1,0,0
img2030.jpg,0,0,0,1,0,0
img2032.jpg,0,0,0,1,0,0
img2040.jpg,0,0,0,1,0,0
img2046.jpg,0,0,0,1,0,0
img2047.jpg,1,0,0,1,0,0
img2053.jpg,1,0,0,1,0,0
img2054.jpg,0,0,0,1,0,0
img2058.jpg,0,0,0,1,0,0
img2062.jpg,0,0,0,1,0,0
img2065.jpg,0,0,0,1,0,0
img2067.jpg,1,0,0,1,0,0
img2069.jpg,0,0,0,1,0,0
img207.jpg,1,0,0,1,0,0
img2077.jpg,1,0,0,1,0,0
img2078.jpg,0,0,0,1,0,0
img2081.jpg,0,0,0,1,0,0
img2083.jpg,0,0,0,1,0,0
img2084.jpg,1,0,0,1,0,0
img2089.jpg,1,0,0,1,0,0
img2094.jpg,0,0,0,1,0,0
img2096.jpg,0,0,0,1,0,0
img2099.jpg,0,0,0,1,0,0
img2100.jpg,0,0,0,1,0,0
img2109.jpg,0,0,0,1,0,0
img2112.jpg,1,0,0,1,0,0
img2114.jpg,0,0,0,1,0,0
img2115.jpg,0,0,0,1,0,0
img2117.jpg,0,0,0,1,0,0
img2118.jpg,0,0,0,1,0,0
img2122.jpg,0,0,0,1,0,0
img2127.jpg,0,0,0,1,0,0
img2128.jpg,0,0,0,1,0,0
img2129.jpg,1,0,0,1,0,0
img2130.jpg,1,0,0,1,0,0
img2131.jpg,0,0,0,1,0,0
img2136.jpg,0,0,0,1,0,0
img2140.jpg,0,0,0,1,0,0
img2142.jpg,1,0,0,1,0,0
img2143.jpg,0,0,0,1,0,0
img2144.jpg,0,0,0,1,0,0
img2145.jpg,0,0,0,1,0,0
img2153.jpg,0,0,0,1,0,0
img2161.jpg,0,0,0,1,0,0
img2162.jpg,0,0,0,1,0,0
img2164.jpg,0,0,0,1,0,0
img2165.jpg,0,0,0,1,0,0
img2170.jpg,0,0,0,1,0,0
img2174.jpg,0,0,0,1,0,0
img2175.jpg,0,0,0,1,0,0
img2177.jpg,0,0,0,1,0,0
img2180.jpg,0,0,0,1,0,0
img2182.jpg,1,0,0,1,0,0
img2189.jpg,0,0,0,1,0,0
img2195.jpg,1,0,0,1,0,0
img2203.jpg,0,0,0,1,0,0
img2205.jpg,0,0,0,1,0,0
img2209.jpg,0,0,0,1,0,0
img221.jpg,1,0,0,1,0,0
img2210.jpg,0,0,0,1,0,0
img2212.jpg,0,0,0,1,0,0
img2220.jpg,0,0,0,1,0,0
img2223.jpg,0,0,0,1,0,0
img2227.jpg,0,0,0,1,0,0
img2228.jpg,0,0,0,1,0,0
img2229.jpg,1,0,0,1,0,0
img2235.jpg,0,0,0,1,0,0
img2242.jpg,0,0,0,1,0,0
img2248.jpg,1,0,0,1,0,0
img2253.jpg,0,0,0,1,0,0
img2255.jpg,1,0,0,1,0,0
img2256.jpg,0,0,0,1,0,0
img2259.jpg,0,0,0,1,0,0
img226.jpg,1,0,0,1,0,0
img2260.jpg,1,0,0,1,0,0
img2261.jpg,0,0,0,1,0,0
img2263.jpg,0,0,0,1,0,0
img2264.jpg,0,0,0,1,0,0
img2268.jpg,1,0,0,1,0,0
img2271.jpg,0,0,0,1,0,0
img2272.jpg,0,0,0,1,0,0
img2273.jpg,0,0,0,1,0,0
img2274.jpg,0,0,0,1,0,0
img2275.jpg,0,0,0,1,0,0
img2276.jpg,0,0,0,1,0,0
img2283.jpg,0,0,0,1,0,0
img2286.jpg,0,0,0,1,0,0
img2287.jpg,1,0,0,1,0,0
img229.jpg,1,0,0,1,0,0
img2290.jpg,0,0,0,1,0,0
img2295.jpg,0,0,0,1,0,0
img2296.jpg,1,0,0,1,0,0
img2306.jpg,0,0,0,1,0,0
img2310.jpg,0,0,0,1,0,0
img2311.jpg,0,0,0,1,0,0
img2312.jpg,0,0,0,1,0,0
img2314.jpg,0,0,0,1,0,0
img2315.jpg,0,0,0,1,0,0
img2316.jpg,0,0,0,1,0,0
img2317.jpg,1,0,0,1,0,0
img2318.jpg,0,0,0,1,0,0
img2323.jpg,0,0,0,1,0,0
img2324.jpg,0,0,0,1,0,0
img2328.jpg,0,0,0,1,0,0
img2331.jpg,0,0,0,1,0,0
img2335.jpg,0,0,0,1,0,0
img2337.jpg,0,0,0,1,0,0
img2340.jpg,0,0,0,1,0,0
img2344.jpg,1,0,0,1,0,0
img2347.jpg,0,0,0,1,0,0
img2348.jpg,0,0,0,1,0,0
img2349.jpg,0,0,0,1,0,0
img2353.jpg,0,0,0,1,0,0
img2356.jpg,0,0,0,1,0,0
img2357.jpg,0,0,0,1,0,0
img2358.jpg,0,0,0,1,0,0
img236.jpg,1,0,0,1,0,0
img2360.jpg,0,0,0,1,0,0
img2362.jpg,1,0,0,1,0,0
img2363.jpg,0,0,0,1,0,0
img2364.jpg,1,0,0,1,0,0
img2367.jpg,0,0,0,1,0,0
img2369.jpg,1,0,0,1,0,0
img2373.jpg,0,0,0,1,0,0
img2374.jpg,0,0,0,1,0,0
img2376.jpg,0,0,0,1,0,0
img238.jpg,0,0,0,1,0,0
img2381.jpg,1,0,0,1,0,0
img2382.jpg,0,0,0,1,0,0
img2383.jpg,0,0,0,1,0,0
img2384.jpg,1,0,0,1,0,0
img2386.jpg,1,0,0,1,0,0
img2388.jpg,0,0,0,1,0,0
img2389.jpg,0,0,0,1,0,0
img2390.jpg,0,0,0,1,0,0
img2391.jpg,1,0,0,1,0,0
img2393.jpg,0,0,0,1,0,0
img2396.jpg,0,0,0,1,0,0
img2397.jpg,1,0,0,1,0,0
img2398.jpg,0,0,0,1,0,0
img2399.jpg,0,0,0,1,0,0
img240.jpg,1,0,0,1,0,0
img2401.jpg,0,0,0,1,0,0
img2403.jpg,0,0,0,1,0,0
img2404.jpg,0,0,0,1,0,0
img2405.jpg,0,0,0,1,0,0
img241.jpg,0,0,0,1,0,0
img2410.jpg,0,0,0,1,0,0
img2412.jpg,0,0,0,1,0,0
img2419.jpg,0,0,0,1,0,0
img2424.jpg,0,0,0,1,0,0
img2425.jpg,0,0,0,1,0,0
img2431.jpg,0,0,0,1,0,0
img2432.jpg,0,0,0,1,0,0
img2434.jpg,0,0,0,1,0,0
img2436.jpg,0,0,0,1,0,0
img2439.jpg,1,0,0,1,0,0
img2440.jpg,0,0,0,1,0,0
img2442.jpg,1,0,0,1,0,0
img2445.jpg,1,0,0,1,0,0
img2451.jpg,0,0,0,1,0,0
img2453.jpg,0,0,0,1,0,0
img2457.jpg,0,0,0,1,0,0
img2458.jpg,0,0,0,1,0,0
img2459.jpg,0,0,0,1,0,0
img2463.jpg,0,0,0,1,0,0
img2467.jpg,0,0,0,1,0,0
img2468.jpg,0,0,0,1,0,0
img2471.jpg,0,0,0,1,0,0
img2474.jpg,1,0,0,1,0,0
img2475.jpg,1,0,0,1,0,0
img2476.jpg,0,0,0,1,0,0
img2478.jpg,1,0,0,1,0,0
img2479.jpg,1,0,0,1,0,0
img2482.jpg,1,0,0,1,0,0
img2484.jpg,1,0,0,1,0,0
img2487.jpg,1,0,0,1,0,0
img2488.jpg,1,0,0,1,0,0
img2489.jpg,1,0,0,1,0,0
img2490.jpg,1,0,0,1,0,0
img2491.jpg,1,0,0,1,0,0
img2492.jpg,0,0,0,1,0,0
img2494.jpg,0,0,0,1,0,0
img2495.jpg,0,0,0,1,0,0
img2496.jpg,1,0,0,1,0,0
img2497.jpg,1,0,0,1,0,0
img2498.jpg,1,0,0,1,0,0
img2499.jpg,1,0,0,1,0,0
img250.jpg,1,0,0,1,0,0
img2500.jpg,1,0,0,1,0,0
img2501.jpg,0,0,0,1,0,0
img2502.jpg,0,0,0,1,0,0
img2503.jpg,0,0,0,1,0,0
img2508.jpg,0,0,0,1,0,0
img2514.jpg,1,0,0,1,0,0
img2519.jpg,0,0,0,1,0,0
img2525.jpg,0,0,0,1,0,0
img2535.jpg,0,0,0,1,0,0
img2538.jpg,0,0,0,1,0,0
img2543.jpg,0,0,0,1,0,0
img255.jpg,1,0,0,1,0,0
img2550.jpg,0,0,0,1,0,0
img2565.jpg,0,0,0,1,0,0
img2568.jpg,1,0,0,1,0,0
img2570.jpg,1,0,0,1,0,0
img2572.jpg,1,0,0,1,0,0
img2573.jpg,1,0,0,1,0,0
img2575.jpg,1,0,0,1,0,0
img2576.jpg,0,0,0,1,0,0
img2577.jpg,0,0,0,1,0,0
img2580.jpg,0,0,0,1,0,0
img2586.jpg,1,0,0,1,0,0
img2587.jpg,1,0,0,1,0,0
img2588.jpg,1,0,0,1,0,0
img259.jpg,1,0,0,1,0,0
img2593.jpg,1,0,0,1,0,0
img2598.jpg,0,0,0,1,0,0
img260.jpg,1,0,0,1,0,0
img2600.jpg,0,0,0,1,0,0
img2601.jpg,1,0,0,1,0,0
img2603.jpg,0,0,0,1,0,0
img261.jpg,1,0,0,1,0,0
img2610.jpg,1,0,0,1,0,0
img2611.jpg,1,0,0,1,0,0
img2612.jpg,1,0,0,1,0,0
img2613.jpg,1,0,0,1,0,0
img2618.jpg,1,0,0,1,0,0
img2619.jpg,1,0,0,1,0,0
img2621.jpg,1,0,0,1,0,0
img2622.jpg,1,0,0,1,0,0
img2623.jpg,1,0,0,1,0,0
img2624.jpg,1,0,0,1,0,0
img2628.jpg,1,0,0,1,0,0
img2629.jpg,1,0,0,1,0,0
img2630.jpg,1,0,0,1,0,0
img264.jpg,1,0,0,1,0,0
img267.jpg,1,0,0,1,0,0
img272.jpg,1,0,0,1,0,0
img278.jpg,1,0,0,1,0,0
img283.jpg,1,0,0,1,0,0
img285.jpg,1,0,0,1,0,0
img286.jpg,1,0,0,1,0,0
img292.jpg,0,0,0,1,0,0
img297.jpg,1,0,0,1,0,0
img299.jpg,1,0,0,1,0,0
img3.jpg,1,0,0,1,0,0
img30.jpg,1,0,0,1,0,0
img3013.jpg,1,0,0,1,0,0
img3014.jpg,0,0,0,1,0,0
img3015.jpg,1,0,0,1,0,0
img3016.jpg,1,0,0,1,0,0
img3017.jpg,0,0,0,1,0,0
img3018.jpg,0,0,0,1,0,0
img3019.jpg,1,0,0,1,0,0
img3020.jpg,0,0,0,1,0,0
img3021.jpg,1,0,0,1,0,0
img3022.jpg,1,0,0,1,0,0
img3023.jpg,1,0,0,1,0,0
img3025.jpg,1,0,0,1,0,0
img3026.jpg,1,0,0,1,0,0
img3027.jpg,0,0,0,1,0,0
img3028.jpg,0,0,0,1,0,0
img3029.jpg,1,0,0,1,0,0
img303.jpg,1,0,0,1,0,0
img3030.jpg,0,0,0,1,0,0
img3031.jpg,1,0,0,1,0,0
img3032.jpg,0,0,0,1,0,0
img3033.jpg,0,0,0,1,0,0
img3034.jpg,1,0,0,1,0,0
img3035.jpg,1,0,0,1,0,0
img3036.jpg,0,0,0,1,0,0
img3037.jpg,1,0,0,1,0,0
img3038.jpg,0,0,0,1,0,0
img3039.jpg,0,0,0,1,0,0
img3040.jpg,1,0,0,1,0,0
img3041.jpg,0,0,0,1,0,0
img3042.jpg,1,0,0,1,0,0
img3043.jpg,1,0,0,1,0,0
img3044.jpg,0,0,0,1,0,0
img3046.jpg,0,0,0,1,0,0
img3047.jpg,0,0,0,1,0,0
img3048.jpg,0,0,0,1,0,0
img3049.jpg,0,0,0,1,0,0
img3050.jpg,1,0,0,1,0,0
img3051.jpg,1,0,0,1,0,0
img3052.jpg,1,0,0,1,0,0
img3053.jpg,1,0,0,1,0,0
img3054.jpg,1,0,0,1,0,0
img3055.jpg,1,0,0,1,0,0
img3056.jpg,1,0,0,1,0,0
img3057.jpg,1,0,0,1,0,0
img3058.jpg,0,0,0,1,0,0
img3059.jpg,0,0,0,1,0,0
img3060.jpg,0,0,0,1,0,0
img3061.jpg,0,0,0,1,0,0
img3062.jpg,0,0,0,1,0,0
img3063.jpg,1,0,0,1,0,0
img3064.jpg,0,0,0,1,0,0
img3065.jpg,0,0,0,1,0,0
img3066.jpg,0,0,0,1,0,0
img3067.jpg,0,0,0,1,0,0
img3068.jpg,1,0,0,1,0,0
img3069.jpg,0,0,0,1,0,0
img307.jpg,1,0,0,1,0,0
img3070.jpg,1,0,0,1,0,0
img3071.jpg,0,0,0,1,0,0
img3072.jpg,1,0,0,1,0,0
img3073.jpg,1,0,0,1,0,0
img3074.jpg,0,0,0,1,0,0
img3075.jpg,0,0,0,1,0,0
img3076.jpg,0,0,0,1,0,0
img3077.jpg,0,0,0,1,0,0
img3078.jpg,0,0,0,1,0,0
img3079.jpg,0,0,0,1,0,0
img3080.jpg,0,0,0,1,0,0
img3081.jpg,1,0,0,1,0,0
img3082.jpg,0,0,0,1,0,0
img3083.jpg,0,0,0,1,0,0
img3084.jpg,1,0,0,1,0,0
img3085.jpg,1,0,0,1,0,0
img3086.jpg,1,0,0,1,0,0
img3087.jpg,1,0,0,1,0,0
img3088.jpg,1,0,0,1,0,0
img3089.jpg,0,0,0,1,0,0
img3090.jpg,1,0,0,1,0,0
img3091.jpg,0,0,0,1,0,0
img3092.jpg,0,0,0,1,0,0
img3093.jpg,1,0,0,1,0,0
img3094.jpg,0,0,0,1,0,0
img3095.jpg,0,0,0,1,0,0
img3096.jpg,1,0,0,1,0,0
img3097.jpg,1,0,0,1,0,0
img3098.jpg,1,0,0,1,0,0
img3099.jpg,0,0,0,1,0,0
img3100.jpg,0,0,0,1,0,0
img3101.jpg,1,0,0,1,0,0
img3102.jpg,1,0,0,1,0,0
img3103.jpg,1,0,0,1,0,0
img3104.jpg,1,0,0,1,0,0
img3105.jpg,0,0,0,1,0,0
img3106.jpg,1,0,0,1,0,0
img3107.jpg,1,0,0,1,0,0
img3108.jpg,1,0,0,1,0,0
img3109.jpg,1,0,0,1,0,0
img3110.jpg,1,0,0,1,0,0
img3111.jpg,1,0,0,1,0,0
img3112.jpg,1,0,0,1,0,0
img3113.jpg,0,0,0,1,0,0
img3114.jpg,0,0,0,1,0,0
img3115.jpg,0,0,0,1,0,0
img3117.jpg,0,0,0,1,0,0
img3118.jpg,1,0,0,1,0,0
img3119.jpg,1,0,0,1,0,0
img312.jpg,1,0,0,1,0,0
img3120.jpg,1,0,0,1,0,0
img3121.jpg,0,0,0,1,0,0
img3122.jpg,1,0,0,1,0,0
img3123.jpg,1,0,0,1,0,0
img3124.jpg,1,0,0,1,0,0
img3126.jpg,1,0,0,1,0,0
img3127.jpg,1,0,0,1,0,0
img3128.jpg,0,0,0,1,0,0
img3129.jpg,0,0,0,1,0,0
img3130.jpg,1,0,0,1,0,0
img3131.jpg,0,0,0,1,0,0
img3132.jpg,1,0,0,1,0,0
img3133.jpg,0,0,0,1,0,0
img3134.jpg,0,0,0,1,0,0
img3135.jpg,0,0,0,1,0,0
img3136.jpg,1,0,0,1,0,0
img3137.jpg,1,0,0,1,0,0
img3138.jpg,1,0,0,1,0,0
img3139.jpg,1,0,0,1,0,0
img3140.jpg,1,0,0,1,0,0
img3141.jpg,0,0,0,1,0,0
img3142.jpg,1,0,0,1,0,0
img3143.jpg,0,0,0,1,0,0
img3144.jpg,1,0,0,1,0,0
img3145.jpg,0,0,0,1,0,0
img3146.jpg,0,0,0,1,0,0
img3147.jpg,1,0,0,1,0,0
img3148.jpg,1,0,0,1,0,0
img3149.jpg,0,0,0,1,0,0
img3150.jpg,0,0,0,1,0,0
img3151.jpg,1,0,0,1,0,0
img3152.jpg,1,0,0,1,0,0
img3153.jpg,1,0,0,1,0,0
img3154.jpg,1,0,0,1,0,0
img3155.jpg,0,0,0,1,0,0
img3156.jpg,1,0,0,1,0,0
img3157.jpg,1,0,0,1,0,0
img3158.jpg,1,0,0,1,0,0
img3159.jpg,0,0,0,1,0,0
img316.jpg,1,0,0,1,0,0
img3160.jpg,0,0,0,1,0,0
img3161.jpg,1,0,0,1,0,0
img3162.jpg,0,0,0,1,0,0
img3163.jpg,0,0,0,1,0,0
img3164.jpg,0,0,0,1,0,0
img3165.jpg,0,0,0,1,0,0
img3166.jpg,1,0,0,1,0,0
img3167.jpg,1,0,0,1,0,0
img3168.jpg,0,0,0,1,0,0
img3169.jpg,0,0,0,1,0,0
img317.jpg,1,0,0,1,0,0
img3170.jpg,1,0,0,1,0,0
img3171.jpg,0,0,0,1,0,0
img3172.jpg,1,0,0,1,0,0
img3173.jpg,1,0,0,1,0,0
img3174.jpg,0,0,0,1,0,0
img3175.jpg,0,0,0,1,0,0
img3176.jpg,1,0,0,1,0,0
img3177.jpg,0,0,0,1,0,0
img318.jpg,1,0,0,1,0,0
img3180.jpg,1,0,0,1,0,0
img3181.jpg,1,0,0,1,0,0
img319.jpg,1,0,0,1,0,0
img3201.jpg,1,0,0,1,0,0
img3202.jpg,1,0,0,1,0,0
img3203.jpg,0,0,0,1,0,0
img3206.jpg,1,0,0,1,0,0
img3225.jpg,1,0,0,1,0,0
img326.jpg,1,0,0,1,0,0
img337.jpg,0,0,0,1,0,0
img3418.jpg,0,0,0,1,0,0
img3419.jpg,0,0,0,1,0,0
img3421.jpg,0,0,0,1,0,0
img3422.jpg,0,0,0,1,0,0
img3423.jpg,0,0,0,1,0,0
img3430.jpg,0,0,0,1,0,0
img3439.jpg,0,0,0,1,0,0
img3440.jpg,0,0,0,1,0,0
img3441.jpg,0,0,0,1,0,0
img3442.jpg,0,0,0,1,0,0
img3443.jpg,0,0,0,1,0,0
img3444.jpg,0,0,0,1,0,0
img3447.jpg,0,0,0,1,0,0
img3448.jpg,0,0,0,1,0,0
img103.jpg,0,0,0,0,1,0
img1037.jpg,0,0,0,0,1,0
img1044.jpg,1,0,0,0,1,0
img1057.jpg,0,0,0,0,1,0
img106.jpg,1,0,0,0,1,0
img1089.jpg,1,0,0,0,1,0
img1107.jpg,0,0,0,0,1,0
img1117.jpg,0,0,0,0,1,0
img1132.jpg,0,0,0,0,1,0
img1133.jpg,1,0,0,0,1,0
img1137.jpg,0,0,0,0,1,0
img1155.jpg,1,0,0,0,1,0
img1158.jpg,0,0,0,0,1,0
img1160.jpg,0,0,0,0,1,0
img1174.jpg,1,0,0,0,1,0
img1180.jpg,1,0,0,0,1,0
img1269.jpg,1,0,0,0,1,0
img1385.jpg,0,0,0,0,1,0
img1386.jpg,0,0,0,0,1,0
img14.jpg,1,0,0,0,1,0
img1439.jpg,0,0,0,0,1,0
img1453.jpg,0,0,0,0,1,0
img1491.jpg,0,0,0,0,1,0
img1526.jpg,0,0,0,0,1,0
img1535.jpg,1,0,0,0,1,0
img1559.jpg,0,0,0,0,1,0
img1586.jpg,0,0,0,0,1,0
img1621.jpg,1,0,0,0,1,0
img1639.jpg,1,0,0,0,1,0
img1655.jpg,0,0,0,0,1,0
img1658.jpg,1,0,0,0,1,0
img1674.jpg,1,0,0,0,1,0
img1733.jpg,1,0,0,0,1,0
img1744.jpg,1,0,0,0,1,0
img1746.jpg,0,0,0,0,1,0
img1750.jpg,1,0,0,0,1,0
img176.jpg,1,0,0,0,1,0
img1767.jpg,0,0,0,0,1,0
img1774.jpg,0,0,0,0,1,0
img1788.jpg,0,0,0,0,1,0
img1804.jpg,1,0,0,0,1,0
img1809.jpg,1,0,0,0,1,0
img1813.jpg,0,0,0,0,1,0
img1833.jpg,0,0,0,0,1,0
img1849.jpg,0,0,0,0,1,0
img1856.jpg,0,0,0,0,1,0
img1858.jpg,0,0,0,0,1,0
img1859.jpg,0,0,0,0,1,0
img1883.jpg,0,0,0,0,1,0
img1892.jpg,0,0,0,0,1,0
img1922.jpg,1,0,0,0,1,0
img1923.jpg,0,0,0,0,1,0
img1965.jpg,1,0,0,0,1,0
img1985.jpg,0,0,0,0,1,0
img1996.jpg,0,0,0,0,1,0
img2050.jpg,1,0,0,0,1,0
img2057.jpg,1,0,0,0,1,0
img2068.jpg,0,0,0,0,1,0
img2088.jpg,0,0,0,0,1,0
img2137.jpg,0,0,0,0,1,0
img2138.jpg,0,0,0,0,1,0
img2147.jpg,0,0,0,0,1,0
img2154.jpg,0,0,0,0,1,0
img2194.jpg,0,0,0,0,1,0
img2198.jpg,0,0,0,0,1,0
img2201.jpg,0,0,0,0,1,0
img2208.jpg,0,0,0,0,1,0
img2222.jpg,0,0,0,0,1,0
img2239.jpg,1,0,0,0,1,0
img2250.jpg,0,0,0,0,1,0
img2277.jpg,0,0,0,0,1,0
img2307.jpg,0,0,0,0,1,0
img2368.jpg,0,0,0,0,1,0
img2379.jpg,1,0,0,0,1,0
img2380.jpg,1,0,0,0,1,0
img2400.jpg,1,0,0,0,1,0
img2408.jpg,0,0,0,0,1,0
img2421.jpg,0,0,0,0,1,0
img2430.jpg,0,0,0,0,1,0
img2446.jpg,0,0,0,0,1,0
img2465.jpg,0,0,0,0,1,0
img2516.jpg,0,0,0,0,1,0
img2520.jpg,0,0,0,0,1,0
img2524.jpg,0,0,0,0,1,0
img2536.jpg,0,0,0,0,1,0
img2546.jpg,1,0,0,0,1,0
img2564.jpg,1,0,0,0,1,0
img2571.jpg,1,0,0,0,1,0
img2578.jpg,1,0,0,0,1,0
img258.jpg,1,0,0,0,1,0
img2604.jpg,0,0,0,0,1,0
img2605.jpg,0,0,0,0,1,0
img2606.jpg,0,0,0,0,1,0
img2607.jpg,0,0,0,0,1,0
img2608.jpg,0,0,0,0,1,0
img2609.jpg,0,0,0,0,1,0
img2615.jpg,1,0,0,0,1,0
img2627.jpg,0,0,0,0,1,0
img291.jpg,1,0,0,0,1,0
img310.jpg,1,0,0,0,1,0
img327.jpg,0,0,0,0,1,0
img3307.jpg,1,0,0,0,1,0
img3308.jpg,1,0,0,0,1,0
img3309.jpg,1,0,0,0,1,0
img3312.jpg,1,0,0,0,1,0
img3314.jpg,1,0,0,0,1,0
img3315.jpg,1,0,0,0,1,0
img3316.jpg,1,0,0,0,1,0
img3317.jpg,1,0,0,0,1,0
img3318.jpg,1,0,0,0,1,0
img3319.jpg,1,0,0,0,1,0
img3320.jpg,1,0,0,0,1,0
img3321.jpg,0,0,0,0,1,0
img3322.jpg,1,0,0,0,1,0
img3323.jpg,1,0,0,0,1,0
img3324.jpg,1,0,0,0,1,0
img3325.jpg,1,0,0,0,1,0
img3326.jpg,0,0,0,0,1,0
img3327.jpg,1,0,0,0,1,0
img3328.jpg,0,0,0,0,1,0
img3329.jpg,1,0,0,0,1,0
img3330.jpg,1,0,0,0,1,0
img3331.jpg,1,0,0,0,1,0
img3332.jpg,1,0,0,0,1,0
img3333.jpg,1,0,0,0,1,0
img3334.jpg,1,0,0,0,1,0
img3335.jpg,1,0,0,0,1,0
img3336.jpg,1,0,0,0,1,0
img3337.jpg,1,0,0,0,1,0
img3338.jpg,1,0,0,0,1,0
img3339.jpg,1,0,0,0,1,0
img3340.jpg,1,0,0,0,1,0
img3341.jpg,1,0,0,0,1,0
img3342.jpg,1,0,0,0,1,0
img3343.jpg,1,0,0,0,1,0
img3344.jpg,1,0,0,0,1,0
img3345.jpg,1,0,0,0,1,0
img3346.jpg,1,0,0,0,1,0
img3347.jpg,1,0,0,0,1,0
img3348.jpg,1,0,0,0,1,0
img3349.jpg,1,0,0,0,1,0
img3350.jpg,0,0,0,0,1,0
img3351.jpg,0,0,0,0,1,0
img3352.jpg,0,0,0,0,1,0
img3353.jpg,1,0,0,0,1,0
img3354.jpg,1,0,0,0,1,0
img3355.jpg,1,0,0,0,1,0
img3356.jpg,1,0,0,0,1,0
img3357.jpg,1,0,0,0,1,0
img3358.jpg,1,0,0,0,1,0
img3359.jpg,1,0,0,0,1,0
img3360.jpg,1,0,0,0,1,0
img3361.jpg,1,0,0,0,1,0
img3362.jpg,0,0,0,0,1,0
img3363.jpg,1,0,0,0,1,0
img3364.jpg,1,0,0,0,1,0
img3365.jpg,1,0,0,0,1,0
img3366.jpg,1,0,0,0,1,0
img3367.jpg,1,0,0,0,1,0
img3368.jpg,1,0,0,0,1,0
img3369.jpg,1,0,0,0,1,0
img3370.jpg,1,0,0,0,1,0
img3372.jpg,1,0,0,0,1,0
img3373.jpg,1,0,0,0,1,0
img3374.jpg,1,0,0,0,1,0
img3375.jpg,1,0,0,0,1,0
img3376.jpg,1,0,0,0,1,0
img3377.jpg,1,0,0,0,1,0
img3378.jpg,1,0,0,0,1,0
img3379.jpg,1,0,0,0,1,0
img3380.jpg,1,0,0,0,1,0
img3381.jpg,1,0,0,0,1,0
img3382.jpg,1,0,0,0,1,0
img3383.jpg,1,0,0,0,1,0
img3384.jpg,1,0,0,0,1,0
img3385.jpg,1,0,0,0,1,0
img3386.jpg,1,0,0,0,1,0
img10.jpg,1,0,0,0,0,1
img1004.jpg,0,0,0,0,0,1
img1023.jpg,1,0,0,0,0,1
img1039.jpg,1,0,0,0,0,1
img1045.jpg,1,0,0,0,0,1
img1047.jpg,0,0,0,0,0,1
img1055.jpg,1,0,0,0,0,1
img1069.jpg,1,0,0,0,0,1
img1070.jpg,1,0,0,0,0,1
img1078.jpg,1,0,0,0,0,1
img1079.jpg,0,0,0,0,0,1
img1091.jpg,0,0,0,0,0,1
img11.jpg,0,0,0,0,0,1
img1102.jpg,1,0,0,0,0,1
img1115.jpg,0,0,0,0,0,1
img1121.jpg,0,0,0,0,0,1
img1125.jpg,0,0,0,0,0,1
img113.jpg,1,0,0,0,0,1
img1140.jpg,1,0,0,0,0,1
img1153.jpg,1,0,0,0,0,1
img1157.jpg,0,0,0,0,0,1
img1172.jpg,0,0,0,0,0,1
img1176.jpg,1,0,0,0,0,1
img1179.jpg,0,0,0,0,0,1
img1181.jpg,1,0,0,0,0,1
img1183.jpg,0,0,0,0,0,1
img1185.jpg,1,0,0,0,0,1
img1186.jpg,0,0,0,0,0,1
img1189.jpg,0,0,0,0,0,1
img1190.jpg,0,0,0,0,0,1
img1192.jpg,0,0,0,0,0,1
img1203.jpg,0,0,0,0,0,1
img1205.jpg,0,0,0,0,0,1
img1206.jpg,0,0,0,0,0,1
img1226.jpg,0,0,0,0,0,1
img1232.jpg,0,0,0,0,0,1
img1253.jpg,0,0,0,0,0,1
img1260.jpg,0,0,0,0,0,1
img1271.jpg,0,0,0,0,0,1
img1275.jpg,1,0,0,0,0,1
img1276.jpg,0,0,0,0,0,1
img1278.jpg,0,0,0,0,0,1
img1289.jpg,0,0,0,0,0,1
img1290.jpg,1,0,0,0,0,1
img1306.jpg,0,0,0,0,0,1
img1309.jpg,1,0,0,0,0,1
img1311.jpg,1,0,0,0,0,1
img1319.jpg,0,0,0,0,0,1
img1320.jpg,1,0,0,0,0,1
img1323.jpg,1,0,0,0,0,1
img1327.jpg,0,0,0,0,0,1
img1330.jpg,0,0,0,0,0,1
img1357.jpg,1,0,0,0,0,1
img1379.jpg,0,0,0,0,0,1
img138.jpg,0,0,0,0,0,1
img1388.jpg,1,0,0,0,0,1
img1389.jpg,1,0,0,0,0,1
img139.jpg,1,0,0,0,0,1
img1414.jpg,0,0,0,0,0,1
img1436.jpg,1,0,0,0,0,1
img1438.jpg,0,0,0,0,0,1
img1440.jpg,0,0,0,0,0,1
img1442.jpg,0,0,0,0,0,1
img1449.jpg,1,0,0,0,0,1
img1450.jpg,1,0,0,0,0,1
img1456.jpg,1,0,0,0,0,1
img1457.jpg,0,0,0,0,0,1
img1458.jpg,1,0,0,0,0,1
img1460.jpg,0,0,0,0,0,1
img1470.jpg,0,0,0,0,0,1
img1474.jpg,0,0,0,0,0,1
img148.jpg,0,0,0,0,0,1
img1480.jpg,0,0,0,0,0,1
img1492.jpg,0,0,0,0,0,1
img1494.jpg,1,0,0,0,0,1
img150.jpg,0,0,0,0,0,1
img1501.jpg,1,0,0,0,0,1
img1504.jpg,1,0,0,0,0,1
img1506.jpg,1,0,0,0,0,1
img151.jpg,0,0,0,0,0,1
img1517.jpg,1,0,0,0,0,1
img1518.jpg,1,0,0,0,0,1
img1519.jpg,1,0,0,0,0,1
img1528.jpg,0,0,0,0,0,1
img1529.jpg,1,0,0,0,0,1
img1538.jpg,1,0,0,0,0,1
img154.jpg,0,0,0,0,0,1
img1540.jpg,1,0,0,0,0,1
img1543.jpg,1,0,0,0,0,1
img1551.jpg,0,0,0,0,0,1
img1555.jpg,0,0,0,0,0,1
img1556.jpg,0,0,0,0,0,1
img1561.jpg,1,0,0,0,0,1
img1566.jpg,0,0,0,0,0,1
img1570.jpg,1,0,0,0,0,1
img1575.jpg,0,0,0,0,0,1
img1579.jpg,1,0,0,0,0,1
img1581.jpg,1,0,0,0,0,1
img1584.jpg,1,0,0,0,0,1
img1604.jpg,0,0,0,0,0,1
img1609.jpg,0,0,0,0,0,1
img1618.jpg,0,0,0,0,0,1
img1623.jpg,0,0,0,0,0,1
img1628.jpg,0,0,0,0,0,1
img1629.jpg,1,0,0,0,0,1
img1634.jpg,0,0,0,0,0,1
img1636.jpg,1,0,0,0,0,1
img1642.jpg,0,0,0,0,0,1
img1645.jpg,0,0,0,0,0,1
img1650.jpg,0,0,0,0,0,1
img1652.jpg,0,0,0,0,0,1
img1661.jpg,0,0,0,0,0,1
img1662.jpg,0,0,0,0,0,1
img1664.jpg,0,0,0,0,0,1
img1673.jpg,0,0,0,0,0,1
img1677.jpg,1,0,0,0,0,1
img1679.jpg,0,0,0,0,0,1
img168.jpg,0,0,0,0,0,1
img1680.jpg,1,0,0,0,0,1
img1681.jpg,1,0,0,0,0,1
img1685.jpg,1,0,0,0,0,1
img1688.jpg,1,0,0,0,0,1
img1689.jpg,1,0,0,0,0,1
img1703.jpg,0,0,0,0,0,1
img1704.jpg,1,0,0,0,0,1
img1709.jpg,0,0,0,0,0,1
img1712.jpg,0,0,0,0,0,1
img1716.jpg,0,0,0,0,0,1
img173.jpg,0,0,0,0,0,1
img1734.jpg,0,0,0,0,0,1
img1743.jpg,0,0,0,0,0,1
img1745.jpg,0,0,0,0,0,1
img1747.jpg,1,0,0,0,0,1
img1751.jpg,0,0,0,0,0,1
img1756.jpg,0,0,0,0,0,1
img1763.jpg,0,0,0,0,0,1
img1770.jpg,0,0,0,0,0,1
img1772.jpg,0,0,0,0,0,1
img1775.jpg,0,0,0,0,0,1
img1776.jpg,0,0,0,0,0,1
img1777.jpg,0,0,0,0,0,1
img1778.jpg,0,0,0,0,0,1
img1783.jpg,0,0,0,0,0,1
img1785.jpg,0,0,0,0,0,1
img1789.jpg,0,0,0,0,0,1
img179.jpg,1,0,0,0,0,1
img1792.jpg,0,0,0,0,0,1
img1797.jpg,0,0,0,0,0,1
img1799.jpg,0,0,0,0,0,1
img1807.jpg,1,0,0,0,0,1
img1810.jpg,0,0,0,0,0,1
img1823.jpg,0,0,0,0,0,1
img1829.jpg,0,0,0,0,0,1
img1834.jpg,0,0,0,0,0,1
img1837.jpg,0,0,0,0,0,1
img1839.jpg,0,0,0,0,0,1
img1840.jpg,0,0,0,0,0,1
img1843.jpg,0,0,0,0,0,1
img1844.jpg,0,0,0,0,0,1
img1852.jpg,0,0,0,0,0,1
img1863.jpg,0,0,0,0,0,1
img1871.jpg,0,0,0,0,0,1
img1877.jpg,0,0,0,0,0,1
img1878.jpg,0,0,0,0,0,1
img1888.jpg,0,0,0,0,0,1
img1891.jpg,0,0,0,0,0,1
img1897.jpg,0,0,0,0,0,1
img1899.jpg,0,0,0,0,0,1
img1902.jpg,0,0,0,0,0,1
img1907.jpg,0,0,0,0,0,1
img1916.jpg,0,0,0,0,0,1
img1917.jpg,1,0,0,0,0,1
img192.jpg,0,0,0,0,0,1
img1933.jpg,0,0,0,0,0,1
img1934.jpg,0,0,0,0,0,1
img1939.jpg,0,0,0,0,0,1
img1954.jpg,1,0,0,0,0,1
img1956.jpg,0,0,0,0,0,1
img1963.jpg,0,0,0,0,0,1
img1967.jpg,1,0,0,0,0,1
img1994.jpg,0,0,0,0,0,1
img1997.jpg,0,0,0,0,0,1
img2017.jpg,0,0,0,0,0,1
img2022.jpg,0,0,0,0,0,1
img2034.jpg,0,0,0,0,0,1
img2041.jpg,0,0,0,0,0,1
img2049.jpg,0,0,0,0,0,1
img2064.jpg,0,0,0,0,0,1
img2066.jpg,0,0,0,0,0,1
img2072.jpg,0,0,0,0,0,1
img2085.jpg,0,0,0,0,0,1
img2092.jpg,0,0,0,0,0,1
img2095.jpg,0,0,0,0,0,1
img2102.jpg,0,0,0,0,0,1
img2104.jpg,1,0,0,0,0,1
img2107.jpg,0,0,0,0,0,1
img2110.jpg,0,0,0,0,0,1
img2113.jpg,0,0,0,0,0,1
img2119.jpg,0,0,0,0,0,1
img2121.jpg,1,0,0,0,0,1
img2123.jpg,0,0,0,0,0,1
img2132.jpg,1,0,0,0,0,1
img2135.jpg,0,0,0,0,0,1
img2141.jpg,0,0,0,0,0,1
img2150.jpg,0,0,0,0,0,1
img2155.jpg,0,0,0,0,0,1
img2157.jpg,0,0,0,0,0,1
img2163.jpg,0,0,0,0,0,1
img2166.jpg,0,0,0,0,0,1
img2169.jpg,0,0,0,0,0,1
img2173.jpg,0,0,0,0,0,1
img2176.jpg,0,0,0,0,0,1
img2178.jpg,1,0,0,0,0,1
img218.jpg,1,0,0,0,0,1
img2181.jpg,0,0,0,0,0,1
img2183.jpg,0,0,0,0,0,1
img2188.jpg,0,0,0,0,0,1
img219.jpg,1,0,0,0,0,1
img2199.jpg,0,0,0,0,0,1
img22.jpg,1,0,0,0,0,1
img220.jpg,1,0,0,0,0,1
img2200.jpg,0,0,0,0,0,1
img2204.jpg,0,0,0,0,0,1
img2213.jpg,0,0,0,0,0,1
img2215.jpg,0,0,0,0,0,1
img2218.jpg,0,0,0,0,0,1
img2219.jpg,0,0,0,0,0,1
img222.jpg,1,0,0,0,0,1
img2230.jpg,0,0,0,0,0,1
img2231.jpg,0,0,0,0,0,1
img2233.jpg,0,0,0,0,0,1
img2234.jpg,0,0,0,0,0,1
img2236.jpg,0,0,0,0,0,1
img2241.jpg,0,0,0,0,0,1
img2243.jpg,0,0,0,0,0,1
img2246.jpg,0,0,0,0,0,1
img2249.jpg,0,0,0,0,0,1
img225.jpg,1,0,0,0,0,1
img2251.jpg,0,0,0,0,0,1
img2252.jpg,0,0,0,0,0,1
img2270.jpg,0,0,0,0,0,1
img2279.jpg,0,0,0,0,0,1
img228.jpg,1,0,0,0,0,1
img2281.jpg,1,0,0,0,0,1
img2282.jpg,0,0,0,0,0,1
img2291.jpg,0,0,0,0,0,1
img2294.jpg,0,0,0,0,0,1
img2297.jpg,0,0,0,0,0,1
img23.jpg,0,0,0,0,0,1
img2300.jpg,0,0,0,0,0,1
img2325.jpg,0,0,0,0,0,1
img2326.jpg,0,0,0,0,0,1
img2330.jpg,1,0,0,0,0,1
img2332.jpg,0,0,0,0,0,1
img2346.jpg,0,0,0,0,0,1
img2359.jpg,1,0,0,0,0,1
img2361.jpg,1,0,0,0,0,1
img2365.jpg,0,0,0,0,0,1
img2394.jpg,0,0,0,0,0,1
img2406.jpg,0,0,0,0,0,1
img2411.jpg,0,0,0,0,0,1
img2414.jpg,0,0,0,0,0,1
img2416.jpg,0,0,0,0,0,1
img2427.jpg,0,0,0,0,0,1
img2447.jpg,0,0,0,0,0,1
img2452.jpg,0,0,0,0,0,1
img2454.jpg,0,0,0,0,0,1
img2456.jpg,0,0,0,0,0,1
img2460.jpg,0,0,0,0,0,1
img2470.jpg,0,0,0,0,0,1
img2472.jpg,0,0,0,0,0,1
img2473.jpg,0,0,0,0,0,1
img2480.jpg,0,0,0,0,0,1
img2481.jpg,0,0,0,0,0,1
img2510.jpg,0,0,0,0,0,1
img2513.jpg,1,0,0,0,0,1
img2517.jpg,0,0,0,0,0,1
img2518.jpg,0,0,0,0,0,1
img2526.jpg,0,0,0,0,0,1
img2527.jpg,0,0,0,0,0,1
img2529.jpg,0,0,0,0,0,1
img2530.jpg,0,0,0,0,0,1
img2532.jpg,0,0,0,0,0,1
img2533.jpg,0,0,0,0,0,1
img2541.jpg,1,0,0,0,0,1
img2553.jpg,0,0,0,0,0,1
img2557.jpg,1,0,0,0,0,1
img2558.jpg,1,0,0,0,0,1
img2559.jpg,1,0,0,0,0,1
img2560.jpg,1,0,0,0,0,1
img2589.jpg,0,0,0,0,0,1
img2594.jpg,1,0,0,0,0,1
img2595.jpg,1,0,0,0,0,1
img2596.jpg,1,0,0,0,0,1
img2597.jpg,1,0,0,0,0,1
img2599.jpg,1,0,0,0,0,1
img2614.jpg,0,0,0,0,0,1
img2616.jpg,0,0,0,0,0,1
img2617.jpg,0,0,0,0,0,1
img2620.jpg,1,0,0,0,0,1
img2625.jpg,1,0,0,0,0,1
img3414.jpg,0,0,0,0,0,1
img3415.jpg,0,0,0,0,0,1
img3425.jpg,0,0,0,0,0,1
img3432.jpg,0,0,0,0,0,1
img3433.jpg,0,0,0,0,0,1
img3445.jpg,0,0,0,0,0,1
img3449.jpg,0,0,0,0,0,1
img3450.jpg,0,0,0,0,0,1
img3455.jpg,0,0,0,0,0,1
img36.jpg,1,0,0,0,0,1
img39.jpg,1,0,0,0,0,1
img3949.jpg,1,0,0,0,0,1
img3951.jpg,0,0,0,0,0,1
img3953.jpg,0,0,0,0,0,1
img3954.jpg,0,0,0,0,0,1
img3955.jpg,0,0,0,0,0,1
img3959.jpg,1,0,0,0,0,1
img3960.jpg,0,0,0,0,0,1
img3961.jpg,0,0,0,0,0,1
img3964.jpg,0,0,0,0,0,1
img3967.jpg,0,0,0,0,0,1
img3971.jpg,1,0,0,0,0,1
img3972.jpg,1,0,0,0,0,1
